id,first_name,last_name,email,gender,ip_address
1,Saraann,Blakeslee,sblakeslee0@xing.com,Genderfluid,PO Box 39326
2,Jenn,Noonan,jnoonan1@networksolutions.com,Female,Room 1572
3,Stanley,Stanistrete,sstanistrete2@edublogs.org,Male,Apt 1593
4,Marthe,Furst,mfurst3@ox.ac.uk,Female,Room 1337
5,Kristien,Figger,kfigger4@japanpost.jp,Female,Suite 76
6,Brett,de Verson,bdeverson5@nationalgeographic.com,Male,PO Box 71259
7,Tamera,Meeson,tmeeson6@lulu.com,Female,12th Floor
8,Daron,Brellin,dbrellin7@woothemes.com,Male,13th Floor
9,Pru,Durn,pdurn8@alexa.com,Female,PO Box 15805
10,Brice,Blaschke,bblaschke9@networkadvertising.org,Male,PO Box 46469
11,Eloisa,Hylden,ehyldena@columbia.edu,Polygender,Room 1044
12,Doyle,Alvarado,dalvaradob@marketwatch.com,Male,Apt 1632
13,Karalynn,Borton,kbortonc@theguardian.com,Female,PO Box 12618
14,Daphna,MacShirrie,dmacshirried@ca.gov,Female,Apt 560
15,Dre,Danslow,ddanslowe@cnbc.com,Polygender,15th Floor
16,Inge,Aspinal,iaspinalf@chron.com,Female,Suite 11
17,Carson,Folkard,cfolkardg@canalblog.com,Male,12th Floor
18,Marcille,Muselli,mmusellih@com.com,Female,Room 1688
19,Zane,Tweedy,ztweedyi@pcworld.com,Male,7th Floor
20,Thornton,Allitt,tallittj@imageshack.us,Male,Apt 420
21,Osgood,Sybe,osybek@usatoday.com,Polygender,Apt 1261
22,Derwin,Dolley,ddolleyl@wired.com,Male,PO Box 33228
23,Ellette,Tytherton,etythertonm@army.mil,Female,Room 1135
24,Sean,Rembaud,srembaudn@dmoz.org,Male,Suite 42
25,Harrietta,Hearnah,hhearnaho@i2i.jp,Genderfluid,PO Box 19716
26,Ruggiero,McGrowther,rmcgrowtherp@forbes.com,Male,Suite 40
27,Ellene,Everitt,eeverittq@howstuffworks.com,Female,PO Box 30970
28,Vida,Londing,vlondingr@uol.com.br,Female,Room 458
29,Damon,Jenton,djentons@bravesites.com,Male,Apt 1272
30,Allyson,Idell,aidellt@godaddy.com,Female,PO Box 2246
31,Albie,Insoll,ainsollu@prweb.com,Genderqueer,12th Floor
32,Tess,Campana,tcampanav@studiopress.com,Female,Apt 1740
33,Bronnie,Raiment,braimentw@cbslocal.com,Polygender,3rd Floor
34,Ricard,Petersen,rpetersenx@over-blog.com,Genderqueer,Room 1014
35,Bambie,Faraker,bfarakery@about.com,Female,Suite 58
36,Bibby,Ladon,bladonz@gizmodo.com,Female,Apt 297
37,Crystie,Coetzee,ccoetzee10@house.gov,Female,Apt 1581
38,Tonia,Krzyzaniak,tkrzyzaniak11@php.net,Female,8th Floor
39,Vally,Frensch,vfrensch12@telegraph.co.uk,Female,Suite 44
40,Kristyn,Treweela,ktreweela13@answers.com,Female,7th Floor
41,Miner,Gromley,mgromley14@cnn.com,Male,Suite 53
42,Kaylee,Simeon,ksimeon15@comcast.net,Female,20th Floor
43,Durand,Frame,dframe16@geocities.com,Male,PO Box 68147
44,Morgen,Mattocks,mmattocks17@wired.com,Male,Room 116
45,Melvin,Swanston,mswanston18@nydailynews.com,Male,Suite 68
46,Brande,Skelington,bskelington19@time.com,Female,11th Floor
47,Lanny,Dedden,ldedden1a@soundcloud.com,Female,Suite 54
48,Brooks,Albiston,balbiston1b@reference.com,Female,18th Floor
49,Annalee,Coger,acoger1c@abc.net.au,Female,Room 1802
50,Peterus,Mont,pmont1d@dropbox.com,Male,2nd Floor
51,Fidelity,Gowans,fgowans1e@mashable.com,Female,Apt 1858
52,Bradford,Mahoney,bmahoney1f@clickbank.net,Male,Suite 85
53,Ford,Pybworth,fpybworth1g@craigslist.org,Male,18th Floor
54,Janice,Coggell,jcoggell1h@homestead.com,Polygender,11th Floor
55,Eugene,Spilisy,espilisy1i@last.fm,Male,5th Floor
56,Oneida,Nilles,onilles1j@usa.gov,Genderfluid,Suite 89
57,Truman,Masse,tmasse1k@vkontakte.ru,Male,Room 1192
58,Jennette,Haugh,jhaugh1l@usa.gov,Female,Apt 1050
59,Valida,Quigley,vquigley1m@privacy.gov.au,Female,PO Box 31616
60,Abbott,Iacofo,aiacofo1n@ebay.co.uk,Bigender,Suite 21
61,Lyndel,Durtnal,ldurtnal1o@elegantthemes.com,Female,9th Floor
62,Daffi,Deedes,ddeedes1p@nature.com,Female,6th Floor
63,Allx,Lanham,alanham1q@dyndns.org,Female,Suite 40
64,Annabal,Quodling,aquodling1r@ucla.edu,Female,Apt 1499
65,Vincents,Jinkinson,vjinkinson1s@privacy.gov.au,Male,Apt 1027
66,Imelda,Soigoux,isoigoux1t@ning.com,Female,Suite 31
67,Paolo,Bigg,pbigg1u@jigsy.com,Non-binary,PO Box 70251
68,Ayn,Edgehill,aedgehill1v@si.edu,Polygender,Apt 787
69,Kara-lynn,Ferenczi,kferenczi1w@cbslocal.com,Female,PO Box 55053
70,Amii,Sleeny,asleeny1x@tumblr.com,Female,Room 1787
71,Micheline,Manna,mmanna1y@wikipedia.org,Non-binary,6th Floor
72,Lane,Prugel,lprugel1z@macromedia.com,Male,Suite 51
73,Rivi,Mergue,rmergue20@disqus.com,Female,PO Box 39928
74,Marketa,Managh,mmanagh21@unc.edu,Female,PO Box 74479
75,Ariadne,Filov,afilov22@epa.gov,Female,9th Floor
76,Ray,Engley,rengley23@engadget.com,Polygender,1st Floor
77,Bennie,Loughnan,bloughnan24@bigcartel.com,Male,3rd Floor
78,Margette,Smooth,msmooth25@ftc.gov,Female,Apt 1404
79,Codie,Heape,cheape26@ted.com,Male,PO Box 38531
80,Fancie,Soan,fsoan27@reference.com,Female,Apt 489
81,Dante,Lloyd,dlloyd28@examiner.com,Male,Room 1056
82,Morley,Desforges,mdesforges29@hatena.ne.jp,Male,Apt 1210
83,Clarabelle,Halloran,challoran2a@wufoo.com,Female,Suite 89
84,Ravid,Roycroft,rroycroft2b@histats.com,Male,Room 76
85,Madelle,Cristoferi,mcristoferi2c@aboutads.info,Genderqueer,PO Box 15002
86,Helen-elizabeth,Starzaker,hstarzaker2d@hatena.ne.jp,Female,Room 1407
87,Arnaldo,Merrien,amerrien2e@bandcamp.com,Male,Suite 70
88,Barb,Byng,bbyng2f@answers.com,Female,Apt 357
89,Layton,Collocott,lcollocott2g@hp.com,Non-binary,Room 485
90,Jerome,Richarz,jricharz2h@dmoz.org,Male,Suite 1
91,Natalya,Basilotta,nbasilotta2i@google.nl,Female,PO Box 90971
92,Fleming,Venn,fvenn2j@gov.uk,Male,Suite 51
93,Dinnie,Duigan,dduigan2k@tinypic.com,Female,Room 825
94,Terri,Halgarth,thalgarth2l@globo.com,Genderqueer,Apt 1394
95,Angie,Padbury,apadbury2m@so-net.ne.jp,Female,11th Floor
96,Tami,Rowswell,trowswell2n@example.com,Female,Suite 73
97,Coralyn,Jeffryes,cjeffryes2o@bbb.org,Female,Room 20
98,Winslow,Lannin,wlannin2p@economist.com,Male,PO Box 80818
99,Trixie,Crookall,tcrookall2q@surveymonkey.com,Female,PO Box 46208
100,Benjie,Taffee,btaffee2r@google.es,Male,Room 1580
101,Peder,Crock,pcrock2s@reddit.com,Male,7th Floor
102,Maryjane,Bryenton,mbryenton2t@yellowbook.com,Female,Suite 40
103,Moishe,De Santos,mdesantos2u@artisteer.com,Genderqueer,Apt 182
104,Stoddard,Hewell,shewell2v@dyndns.org,Polygender,17th Floor
105,Brandice,Haycox,bhaycox2w@scientificamerican.com,Female,Apt 1941
106,Lockwood,MacAiline,lmacailine2x@dell.com,Male,PO Box 25938
107,Mario,Zipsell,mzipsell2y@cbc.ca,Male,Suite 47
108,Marja,Priddey,mpriddey2z@hatena.ne.jp,Female,Suite 62
109,Livvie,Spurdle,lspurdle30@xrea.com,Female,Suite 14
110,Susie,Kleinber,skleinber31@latimes.com,Female,4th Floor
111,Dottie,Craney,dcraney32@360.cn,Female,Apt 337
112,Corrie,Harper,charper33@prweb.com,Polygender,10th Floor
113,Monah,Gatrill,mgatrill34@example.com,Polygender,Apt 1143
114,Carolus,Portwaine,cportwaine35@vimeo.com,Male,1st Floor
115,Ramon,Andras,randras36@nature.com,Male,Room 1339
116,Belinda,Ruckledge,bruckledge37@google.co.jp,Female,Apt 1432
117,Annelise,McDill,amcdill38@merriam-webster.com,Female,PO Box 6300
118,Tamara,Bohlin,tbohlin39@bbc.co.uk,Female,Suite 45
119,Cosette,Eddicott,ceddicott3a@fda.gov,Bigender,PO Box 20573
120,Brucie,Dawson,bdawson3b@slideshare.net,Male,Apt 1802
121,Consolata,Whichelow,cwhichelow3c@exblog.jp,Female,Room 922
122,Holli,Steanson,hsteanson3d@parallels.com,Female,8th Floor
123,Hanna,Neiland,hneiland3e@oakley.com,Genderfluid,18th Floor
124,Rod,Blowers,rblowers3f@psu.edu,Male,Room 74
125,Curry,Adolthine,cadolthine3g@redcross.org,Male,Apt 343
126,Josy,Fraanchyonok,jfraanchyonok3h@bluehost.com,Female,PO Box 66720
127,Ricki,Siuda,rsiuda3i@noaa.gov,Male,PO Box 12889
128,Jennette,Glaserman,jglaserman3j@sphinn.com,Female,Suite 54
129,Daryl,Grealey,dgrealey3k@nature.com,Female,Apt 1356
130,Herbie,Timby,htimby3l@boston.com,Male,Room 1467
131,Vin,Caldes,vcaldes3m@addtoany.com,Male,Suite 57
132,Karleen,McAleese,kmcaleese3n@technorati.com,Female,Suite 53
133,Pier,Kolczynski,pkolczynski3o@shareasale.com,Female,Apt 1660
134,Drucie,Marieton,dmarieton3p@g.co,Female,Apt 95
135,Glennis,Wiltshire,gwiltshire3q@ibm.com,Female,14th Floor
136,Sarita,Lowell,slowell3r@google.it,Female,13th Floor
137,Fee,Hildred,fhildred3s@example.com,Male,PO Box 10974
138,Kesley,Balmforth,kbalmforth3t@ted.com,Female,PO Box 9331
139,Bellina,Sellars,bsellars3u@cyberchimps.com,Female,Room 703
140,Evelyn,Giacomoni,egiacomoni3v@jalbum.net,Female,Apt 1821
141,Yancy,de Mendoza,ydemendoza3w@nature.com,Male,Apt 427
142,Alysa,Bushell,abushell3x@wikia.com,Female,Room 1761
143,Crissy,Serris,cserris3y@narod.ru,Female,PO Box 43228
144,Arleta,Waddicor,awaddicor3z@last.fm,Female,Suite 4
145,Kaycee,Abramin,kabramin40@networkadvertising.org,Female,Room 1556
146,Alley,Swalwel,aswalwel41@samsung.com,Male,Suite 51
147,Herold,Westhofer,hwesthofer42@deliciousdays.com,Male,Suite 69
148,Sophia,Cortnay,scortnay43@disqus.com,Female,Apt 340
149,Dora,Cotsford,dcotsford44@wufoo.com,Female,Suite 36
150,Eleanore,Cottem,ecottem45@virginia.edu,Female,Apt 102
151,Dorene,Pessel,dpessel46@cmu.edu,Genderqueer,PO Box 74824
152,Sunny,Mowsdell,smowsdell47@oaic.gov.au,Male,PO Box 14212
153,Baird,Yeardsley,byeardsley48@ocn.ne.jp,Male,9th Floor
154,Kaitlynn,Rogez,krogez49@princeton.edu,Female,Apt 101
155,Izaak,Messer,imesser4a@wsj.com,Male,Apt 1522
156,Norbie,Petrosian,npetrosian4b@google.com.hk,Male,Apt 1865
157,Rosene,Barnhill,rbarnhill4c@jiathis.com,Female,Suite 5
158,Hughie,Simeoli,hsimeoli4d@businessweek.com,Genderfluid,PO Box 5950
159,Sharleen,Romke,sromke4e@craigslist.org,Female,PO Box 60052
160,Kristofor,Stronack,kstronack4f@livejournal.com,Male,14th Floor
161,Nester,Baccup,nbaccup4g@1und1.de,Male,Room 374
162,Luz,McGrory,lmcgrory4h@networksolutions.com,Female,PO Box 84955
163,Alexia,Cathersides,acathersides4i@cisco.com,Female,Room 1328
164,Domeniga,Bavridge,dbavridge4j@nature.com,Female,PO Box 49793
165,Peggy,Wheatley,pwheatley4k@domainmarket.com,Female,9th Floor
166,Zackariah,Enrietto,zenrietto4l@clickbank.net,Male,Apt 1103
167,Petronilla,Eversley,peversley4m@howstuffworks.com,Female,Room 481
168,Esdras,Vannuccinii,evannuccinii4n@usatoday.com,Bigender,20th Floor
169,Genni,Westphalen,gwestphalen4o@elegantthemes.com,Female,Apt 1540
170,Zelda,Prover,zprover4p@time.com,Female,Room 1731
171,Karleen,Gateman,kgateman4q@so-net.ne.jp,Female,5th Floor
172,Noami,Castagnasso,ncastagnasso4r@china.com.cn,Female,Suite 69
173,Dougie,Pickavant,dpickavant4s@earthlink.net,Male,1st Floor
174,Curry,Stapford,cstapford4t@goo.gl,Male,Suite 62
175,Gannie,Ogbourne,gogbourne4u@tamu.edu,Male,Apt 1633
176,Rockwell,Britto,rbritto4v@theatlantic.com,Male,2nd Floor
177,Nedda,Siegertsz,nsiegertsz4w@weibo.com,Female,Room 363
178,Glynn,Fullegar,gfullegar4x@opera.com,Male,11th Floor
179,Lloyd,Maloney,lmaloney4y@weibo.com,Male,Apt 1340
180,Morganica,Barnewelle,mbarnewelle4z@g.co,Female,Room 1699
181,Ninette,Castelain,ncastelain50@yelp.com,Female,Apt 851
182,Janith,Laker,jlaker51@cloudflare.com,Agender,Suite 75
183,Sholom,Russilll,srussilll52@bandcamp.com,Male,Room 411
184,Walliw,Mennell,wmennell53@flickr.com,Female,Suite 9
185,Ludvig,Learmouth,llearmouth54@epa.gov,Male,Apt 1421
186,Darn,Heaseman,dheaseman55@twitpic.com,Male,PO Box 99949
187,Deena,Amberson,damberson56@columbia.edu,Female,PO Box 78748
188,Micaela,Twist,mtwist57@fc2.com,Female,Room 1855
189,Ally,Penfold,apenfold58@tumblr.com,Female,Suite 72
190,Pen,Dorricott,pdorricott59@vinaora.com,Male,Apt 1577
191,Chance,Skelton,cskelton5a@patch.com,Male,Room 1731
192,Quillan,Aberdein,qaberdein5b@i2i.jp,Male,17th Floor
193,Benedict,Van Halen,bvanhalen5c@sohu.com,Male,Suite 99
194,Bride,Hanley,bhanley5d@uol.com.br,Female,PO Box 98906
195,Kylynn,Rowswell,krowswell5e@webnode.com,Female,Room 1374
196,Morrie,Cristea,mcristea5f@businessinsider.com,Male,Room 823
197,Dick,Maulkin,dmaulkin5g@usgs.gov,Male,4th Floor
198,Roi,Lidgertwood,rlidgertwood5h@icq.com,Male,Room 1744
199,Cassandre,Thyng,cthyng5i@earthlink.net,Female,Apt 14
200,Roselle,Vann,rvann5j@vkontakte.ru,Agender,Apt 88
201,Lilith,Timmins,ltimmins5k@oakley.com,Female,Apt 1243
202,Josh,Jamieson,jjamieson5l@livejournal.com,Male,PO Box 52689
203,Bond,Bartusek,bbartusek5m@merriam-webster.com,Male,Suite 70
204,Richmound,Ballham,rballham5n@dot.gov,Bigender,PO Box 82243
205,Constantin,Tomisch,ctomisch5o@ed.gov,Genderqueer,Apt 1012
206,Ninnette,Tremberth,ntremberth5p@tripod.com,Female,Apt 1153
207,Wendie,Kierans,wkierans5q@nyu.edu,Female,Suite 16
208,Burk,Bradbrook,bbradbrook5r@imdb.com,Male,PO Box 12327
209,Olivier,Schild,oschild5s@apple.com,Male,Room 575
210,Dione,Blant,dblant5t@twitpic.com,Female,Room 152
211,Merlina,Steane,msteane5u@google.it,Agender,PO Box 72582
212,Elvyn,Ogborne,eogborne5v@baidu.com,Male,Room 1436
213,Bernetta,Kirman,bkirman5w@wordpress.org,Polygender,Room 1310
214,Doralin,Attenbarrow,dattenbarrow5x@sbwire.com,Female,Room 616
215,Othello,Manjin,omanjin5y@hud.gov,Male,Apt 502
216,Britni,D'Almeida,bdalmeida5z@statcounter.com,Female,Apt 1478
217,Inger,Thorald,ithorald60@yellowpages.com,Female,Suite 29
218,Bili,Batchan,bbatchan61@google.com.au,Female,7th Floor
219,Monah,Denzey,mdenzey62@simplemachines.org,Female,Suite 20
220,Maighdiln,Robun,mrobun63@xrea.com,Female,17th Floor
221,Tish,Bryers,tbryers64@ezinearticles.com,Female,2nd Floor
222,Darrick,Muscat,dmuscat65@fotki.com,Male,Suite 65
223,Lynne,Supple,lsupple66@tmall.com,Female,16th Floor
224,Durand,Loughhead,dloughhead67@google.com.br,Male,PO Box 75798
225,Cad,Faraker,cfaraker68@geocities.jp,Male,6th Floor
226,Rutledge,Lazenbury,rlazenbury69@merriam-webster.com,Male,PO Box 72740
227,Reynard,MacCafferky,rmaccafferky6a@quantcast.com,Male,Room 1784
228,Ninette,O'Dooghaine,nodooghaine6b@uol.com.br,Female,Room 1612
229,Bertram,Gommey,bgommey6c@google.de,Male,PO Box 94739
230,Gwenny,Gideon,ggideon6d@biglobe.ne.jp,Female,19th Floor
231,Helen-elizabeth,Reynault,hreynault6e@istockphoto.com,Female,15th Floor
232,Farica,Funnell,ffunnell6f@phpbb.com,Female,Suite 42
233,Hephzibah,Fydo,hfydo6g@reuters.com,Female,Apt 430
234,Katharina,Isselee,kisselee6h@google.com.br,Female,Room 1295
235,Kacie,Rive,krive6i@telegraph.co.uk,Female,Suite 86
236,Hyacinthe,Ingolotti,hingolotti6j@latimes.com,Female,Suite 14
237,Dasha,Bailiss,dbailiss6k@slashdot.org,Female,Suite 12
238,Max,Grayshon,mgrayshon6l@europa.eu,Male,Room 155
239,Daffi,Zannelli,dzannelli6m@dailymail.co.uk,Female,Apt 731
240,Ilyssa,Fakes,ifakes6n@cbslocal.com,Female,Suite 53
241,Shoshana,Leathes,sleathes6o@yandex.ru,Genderqueer,16th Floor
242,Noelyn,Scarf,nscarf6p@wufoo.com,Female,Suite 81
243,Urbanus,O'Luney,uoluney6q@chronoengine.com,Male,Suite 57
244,Delphinia,Chawkley,dchawkley6r@redcross.org,Female,Suite 2
245,Welbie,Hutcheson,whutcheson6s@mysql.com,Male,11th Floor
246,Yvor,McCrorie,ymccrorie6t@fda.gov,Male,PO Box 32914
247,Markus,Galier,mgalier6u@wsj.com,Male,19th Floor
248,Lorry,Caspell,lcaspell6v@virginia.edu,Male,Suite 34
249,Ignacio,Swetman,iswetman6w@simplemachines.org,Male,Room 1036
250,Raynard,Delf,rdelf6x@yahoo.com,Male,8th Floor
251,Galvan,Heinreich,gheinreich6y@icq.com,Male,Apt 434
252,Dexter,Castro,dcastro6z@yolasite.com,Male,3rd Floor
253,Gregg,Benam,gbenam70@dagondesign.com,Male,PO Box 4140
254,Freddy,Bachmann,fbachmann71@uiuc.edu,Male,10th Floor
255,Emile,Kattenhorn,ekattenhorn72@blogs.com,Male,PO Box 81538
256,Valerie,Glentz,vglentz73@stumbleupon.com,Female,Suite 53
257,Korry,Rafferty,krafferty74@gmpg.org,Female,PO Box 12402
258,Paxton,Seson,pseson75@live.com,Male,Room 1874
259,Pieter,Piers,ppiers76@hexun.com,Male,Room 214
260,Danyette,Reddings,dreddings77@loc.gov,Female,Apt 570
261,Eli,Dimnage,edimnage78@hatena.ne.jp,Male,PO Box 68977
262,Natal,Brisseau,nbrisseau79@marketwatch.com,Male,Suite 66
263,Anson,Okenden,aokenden7a@japanpost.jp,Male,Apt 1619
264,Bel,Hagston,bhagston7b@weebly.com,Female,Suite 36
265,Yolanda,Mundee,ymundee7c@spotify.com,Female,PO Box 43939
266,Susana,MacGraith,smacgraith7d@wikispaces.com,Female,PO Box 73025
267,Cornelia,Lubbock,clubbock7e@com.com,Female,Apt 1200
268,Franz,Dunge,fdunge7f@ocn.ne.jp,Male,PO Box 83606
269,Hally,Plaister,hplaister7g@marriott.com,Female,PO Box 12394
270,Gian,Dennant,gdennant7h@dell.com,Male,Room 743
271,Warde,Iacopetti,wiacopetti7i@bbb.org,Male,Apt 1660
272,Audy,Monte,amonte7j@booking.com,Female,Apt 1629
273,Wenona,Krysztowczyk,wkrysztowczyk7k@oracle.com,Female,Room 1913
274,Maurise,Cawsby,mcawsby7l@washingtonpost.com,Male,Apt 763
275,Fayth,Coysh,fcoysh7m@eepurl.com,Female,7th Floor
276,Frederico,Searl,fsearl7n@mapquest.com,Male,Apt 115
277,Eveleen,Shackleton,eshackleton7o@examiner.com,Female,PO Box 33354
278,Myrtie,Sanchez,msanchez7p@icq.com,Bigender,PO Box 31432
279,Brina,Tettley,btettley7q@devhub.com,Female,Apt 1985
280,Henryetta,Parffrey,hparffrey7r@g.co,Female,Room 1646
281,Tommie,Drewell,tdrewell7s@technorati.com,Male,11th Floor
282,Rorke,Jellett,rjellett7t@domainmarket.com,Male,Room 1234
283,Bondy,Oby,boby7u@ibm.com,Male,Room 1375
284,Mitzi,Heeran,mheeran7v@ft.com,Female,Apt 76
285,Suzy,Perryman,sperryman7w@qq.com,Female,PO Box 26728
286,Nickolai,Brigshaw,nbrigshaw7x@discuz.net,Male,Apt 407
287,Natala,Mullender,nmullender7y@toplist.cz,Female,PO Box 58233
288,Burke,Sandiland,bsandiland7z@spotify.com,Male,Suite 90
289,Bridgette,Hynd,bhynd80@livejournal.com,Genderfluid,Suite 90
290,Ronny,Tointon,rtointon81@psu.edu,Male,Suite 64
291,Decca,McNulty,dmcnulty82@nasa.gov,Male,Room 1033
292,Welbie,Quan,wquan83@tinypic.com,Male,10th Floor
293,Chloette,Chant,cchant84@ihg.com,Female,15th Floor
294,Vilhelmina,Strotone,vstrotone85@cbslocal.com,Female,PO Box 29656
295,Crissie,Vearnals,cvearnals86@t.co,Female,Apt 351
296,Rodi,Gracewood,rgracewood87@mediafire.com,Female,Suite 91
297,Cacilie,MacCrackan,cmaccrackan88@jiathis.com,Female,Suite 24
298,Thomasin,Hadwin,thadwin89@histats.com,Female,Apt 386
299,Minnaminnie,Kausche,mkausche8a@smh.com.au,Female,16th Floor
300,Odie,Wellsman,owellsman8b@craigslist.org,Male,Suite 33
301,Kinny,Saunper,ksaunper8c@linkedin.com,Male,PO Box 15704
302,Cathlene,Fronzek,cfronzek8d@opensource.org,Female,Room 490
303,Nanny,Mettrick,nmettrick8e@booking.com,Female,19th Floor
304,Leigha,Inns,linns8f@guardian.co.uk,Female,Apt 1875
305,Benjy,Baiss,bbaiss8g@amazon.de,Male,14th Floor
306,Keir,Whitty,kwhitty8h@shutterfly.com,Male,Room 848
307,Anthe,Hayesman,ahayesman8i@usatoday.com,Female,PO Box 72463
308,Nick,McGeagh,nmcgeagh8j@ebay.co.uk,Male,Suite 45
309,Spenser,Freake,sfreake8k@qq.com,Male,Room 1769
310,Ellerey,Rosenzveig,erosenzveig8l@mtv.com,Male,PO Box 61384
311,Ginni,Luna,gluna8m@mapy.cz,Female,11th Floor
312,Lavinia,Strelitzer,lstrelitzer8n@squidoo.com,Female,7th Floor
313,Jermaine,Renouf,jrenouf8o@cornell.edu,Female,Suite 78
314,Orin,Bradley,obradley8p@jalbum.net,Male,Suite 58
315,Leia,Constance,lconstance8q@usda.gov,Female,15th Floor
316,Lydon,Vollam,lvollam8r@hhs.gov,Male,10th Floor
317,Lincoln,Burberye,lburberye8s@php.net,Male,Suite 66
318,Emalia,Scarfe,escarfe8t@reference.com,Female,Apt 1045
319,Hamil,Sallans,hsallans8u@qq.com,Male,Room 420
320,Rollo,Marikhin,rmarikhin8v@comsenz.com,Male,Room 1068
321,Koral,Vasilenko,kvasilenko8w@senate.gov,Female,12th Floor
322,Nana,Hankins,nhankins8x@hexun.com,Female,PO Box 92914
323,Bili,Arnaudi,barnaudi8y@timesonline.co.uk,Female,PO Box 62576
324,Tudor,Varker,tvarker8z@gov.uk,Male,Room 1388
325,Ramona,Proudman,rproudman90@amazon.co.jp,Female,16th Floor
326,Vivi,Baynam,vbaynam91@engadget.com,Female,Apt 375
327,Martainn,Betjes,mbetjes92@msu.edu,Male,5th Floor
328,Mozes,Ebbing,mebbing93@geocities.com,Male,6th Floor
329,Mamie,Dainter,mdainter94@biblegateway.com,Female,Apt 1248
330,Tate,Kahane,tkahane95@yahoo.com,Male,Suite 60
331,Jaclin,Ebbrell,jebbrell96@home.pl,Female,PO Box 51763
332,Mirella,Cossar,mcossar97@merriam-webster.com,Agender,PO Box 31824
333,Isador,Cadore,icadore98@tmall.com,Male,Apt 336
334,Arlen,Halshaw,ahalshaw99@infoseek.co.jp,Male,Apt 852
335,Miquela,Lutty,mlutty9a@bandcamp.com,Female,PO Box 13695
336,Wrennie,Busfield,wbusfield9b@amazon.co.uk,Female,PO Box 66554
337,Dollie,Kubecka,dkubecka9c@theatlantic.com,Female,Suite 49
338,Ethel,Paten,epaten9d@e-recht24.de,Female,Apt 51
339,Bink,Donald,bdonald9e@princeton.edu,Male,13th Floor
340,Baryram,Carrack,bcarrack9f@earthlink.net,Male,Suite 78
341,Kimble,Abson,kabson9g@marketwatch.com,Male,4th Floor
342,Jillene,Hynard,jhynard9h@gmpg.org,Female,Room 177
343,Caleb,Kydd,ckydd9i@oakley.com,Male,Apt 624
344,Raeann,Accomb,raccomb9j@kickstarter.com,Female,Room 1754
345,Marshall,Tomkins,mtomkins9k@wikimedia.org,Male,8th Floor
346,Warren,Tebbe,wtebbe9l@businessweek.com,Male,Apt 263
347,Ansel,Vockins,avockins9m@chron.com,Male,Apt 124
348,Odelia,Bitterton,obitterton9n@hostgator.com,Female,Room 218
349,Allie,Heinke,aheinke9o@baidu.com,Female,Room 821
350,Gabriele,Vanstone,gvanstone9p@blogs.com,Male,Apt 1651
351,Madlin,Tarplee,mtarplee9q@stanford.edu,Female,Suite 5
352,Jackson,D'Elia,jdelia9r@a8.net,Male,Room 1440
353,Clarke,Vickress,cvickress9s@chronoengine.com,Male,Apt 936
354,Tessa,Doohan,tdoohan9t@technorati.com,Female,PO Box 27276
355,Smith,Redmond,sredmond9u@msu.edu,Male,PO Box 82920
356,Marika,Doerffer,mdoerffer9v@addthis.com,Female,8th Floor
357,Richart,Bosward,rbosward9w@ustream.tv,Male,Apt 1960
358,Emmerich,Fayter,efayter9x@economist.com,Male,Room 1335
359,Elijah,Wontner,ewontner9y@bing.com,Male,PO Box 69412
360,Harv,Limeburner,hlimeburner9z@blogtalkradio.com,Male,PO Box 32948
361,Olivia,Bovey,oboveya0@slashdot.org,Female,Suite 48
362,Bondy,Tennison,btennisona1@tamu.edu,Male,Room 1958
363,Emera,Merrien,emerriena2@live.com,Female,Room 1803
364,Evey,Bossons,ebossonsa3@arstechnica.com,Female,Apt 844
365,Tobe,McAndrew,tmcandrewa4@dailymail.co.uk,Polygender,Suite 88
366,Frayda,Smithyman,fsmithymana5@washington.edu,Female,Room 1584
367,Rossy,Sherrett,rsherretta6@merriam-webster.com,Male,PO Box 49461
368,Lainey,Titchard,ltitcharda7@4shared.com,Female,Apt 1099
369,Stacee,Pherps,spherpsa8@weebly.com,Female,Apt 838
370,Thoma,Warriner,twarrinera9@ifeng.com,Male,7th Floor
371,Penny,Camilleri,pcamilleriaa@hugedomains.com,Female,Apt 1342
372,Cindee,Rastrick,crastrickab@histats.com,Female,Apt 1718
373,Fidela,Kelston,fkelstonac@omniture.com,Female,12th Floor
374,Ariela,Lanaway,alanawayad@uiuc.edu,Female,Room 562
375,Ode,Damarell,odamarellae@jalbum.net,Male,Room 551
376,Malissia,Grice,mgriceaf@ow.ly,Female,Suite 93
377,Aldin,St. John,astjohnag@independent.co.uk,Male,Apt 80
378,Leon,Bernette,lbernetteah@newsvine.com,Male,Apt 1698
379,Geraldine,Gould,ggouldai@google.ca,Female,Room 955
380,Blythe,Joire,bjoireaj@joomla.org,Female,Suite 88
381,Bobbie,Pamphilon,bpamphilonak@cbsnews.com,Male,Apt 1163
382,Yank,McCloch,ymcclochal@indiatimes.com,Male,Suite 38
383,Bud,Phippen,bphippenam@independent.co.uk,Male,Room 1577
384,Orsola,Howroyd,ohowroydan@vk.com,Female,Apt 1444
385,Bennie,Enrique,benriqueao@psu.edu,Male,Suite 5
386,Padraic,Labet,plabetap@freewebs.com,Male,Room 813
387,Kim,Labarre,klabarreaq@amazonaws.com,Male,Room 1892
388,Ambrose,Tawse,atawsear@auda.org.au,Male,PO Box 46473
389,Gar,Dumberrill,gdumberrillas@nymag.com,Male,Apt 1451
390,Mayor,Mullen,mmullenat@comcast.net,Male,Apt 1690
391,Dwayne,Rutland,drutlandau@goo.ne.jp,Male,Apt 1607
392,Isa,Streader,istreaderav@wikimedia.org,Male,Room 1573
393,Puff,Benedit,pbeneditaw@xing.com,Male,Apt 1388
394,Leupold,Whitemarsh,lwhitemarshax@hatena.ne.jp,Male,PO Box 54752
395,Gerladina,Stoner,gstoneray@arizona.edu,Female,11th Floor
396,Galvin,Smitham,gsmithamaz@deviantart.com,Male,5th Floor
397,Elberta,Andrich,eandrichb0@ibm.com,Female,Apt 729
398,Sanderson,Cowle,scowleb1@google.pl,Non-binary,Apt 1840
399,Glyn,Yurshev,gyurshevb2@usda.gov,Male,Apt 91
400,Stella,Frankham,sfrankhamb3@amazon.com,Female,Suite 16
401,Saunder,Bithany,sbithanyb4@vimeo.com,Male,4th Floor
402,Christiane,Ewbanke,cewbankeb5@unesco.org,Female,Apt 1769
403,Vin,Bowry,vbowryb6@tripadvisor.com,Male,Suite 6
404,Trey,Haire,thaireb7@youtu.be,Male,20th Floor
405,Veronika,Gabbatt,vgabbattb8@diigo.com,Genderqueer,15th Floor
406,Rivy,Korfmann,rkorfmannb9@nps.gov,Female,8th Floor
407,Obed,Carstairs,ocarstairsba@blogspot.com,Male,Suite 1
408,Ravi,McLaughlin,rmclaughlinbb@parallels.com,Male,Suite 50
409,Hayward,Britnell,hbritnellbc@youtu.be,Male,Suite 2
410,Lonny,Pedican,lpedicanbd@topsy.com,Male,PO Box 95689
411,Shirleen,Barkess,sbarkessbe@discuz.net,Female,Apt 1046
412,Henrie,Henmarsh,hhenmarshbf@blogtalkradio.com,Female,Room 457
413,Sena,Gebb,sgebbbg@mtv.com,Female,Apt 705
414,Nelson,MacLardie,nmaclardiebh@theguardian.com,Male,Room 1328
415,Candide,Leverentz,cleverentzbi@domainmarket.com,Female,Room 1638
416,Evaleen,Riglar,eriglarbj@fotki.com,Female,15th Floor
417,Fulton,Kean,fkeanbk@i2i.jp,Male,Room 796
418,Christos,Miskimmon,cmiskimmonbl@cornell.edu,Male,Apt 692
419,Dael,Olkowicz,dolkowiczbm@hostgator.com,Male,Apt 1807
420,Erena,Fedorski,efedorskibn@statcounter.com,Female,Suite 41
421,Melanie,Terrett,mterrettbo@comcast.net,Non-binary,Room 955
422,Maurita,Khosa,mkhosabp@yellowbook.com,Polygender,2nd Floor
423,Nance,Pieracci,npieraccibq@google.es,Female,PO Box 70189
424,Milzie,Sayse,msaysebr@liveinternet.ru,Female,1st Floor
425,Millard,Rosbotham,mrosbothambs@weebly.com,Male,Suite 32
426,Johny,Brotherhead,jbrotherheadbt@ox.ac.uk,Male,PO Box 56278
427,Darbie,Leindecker,dleindeckerbu@businessweek.com,Female,Suite 3
428,Stefania,Blasgen,sblasgenbv@flickr.com,Female,Room 29
429,Oberon,Skeene,oskeenebw@msn.com,Male,Room 1716
430,Franky,Duigan,fduiganbx@diigo.com,Male,Suite 29
431,Georgette,Oki,gokiby@delicious.com,Female,PO Box 50018
432,Wye,Hamal,whamalbz@creativecommons.org,Genderqueer,Suite 19
433,Roselle,Schlag,rschlagc0@blog.com,Female,Room 1819
434,Gar,Paydon,gpaydonc1@soundcloud.com,Bigender,Room 395
435,Portie,Magog,pmagogc2@comsenz.com,Male,PO Box 4377
436,Lucienne,Walkden,lwalkdenc3@lycos.com,Female,12th Floor
437,Kaylee,Perch,kperchc4@omniture.com,Female,PO Box 15256
438,Mikol,Pash,mpashc5@histats.com,Male,Room 1539
439,Logan,Raffan,lraffanc6@last.fm,Male,13th Floor
440,Kay,Hallan,khallanc7@statcounter.com,Female,15th Floor
441,Carlynn,Newlands,cnewlandsc8@google.com.au,Female,Room 736
442,Bowie,Caruth,bcaruthc9@google.pl,Male,18th Floor
443,Bianca,Corrie,bcorrieca@i2i.jp,Female,Room 100
444,Andria,Rann,aranncb@ning.com,Female,PO Box 79469
445,Sisile,Bremmer,sbremmercc@wix.com,Female,Apt 1241
446,Elwyn,MacCartair,emaccartaircd@google.com.au,Polygender,19th Floor
447,Jilli,Hullock,jhullockce@twitpic.com,Female,Suite 81
448,Karlis,Leyborne,kleybornecf@indiatimes.com,Male,Apt 113
449,Ashil,Peachman,apeachmancg@pbs.org,Agender,Apt 1564
450,Kory,Bliven,kblivench@live.com,Male,Apt 1878
451,Alysa,Breakwell,abreakwellci@barnesandnoble.com,Genderqueer,1st Floor
452,Huey,Twiname,htwinamecj@fastcompany.com,Male,8th Floor
453,Marieann,Bachman,mbachmanck@nih.gov,Genderfluid,2nd Floor
454,Dael,Sedgeman,dsedgemancl@plala.or.jp,Female,PO Box 60025
455,Leupold,Casajuana,lcasajuanacm@dion.ne.jp,Male,16th Floor
456,Latashia,Kilrow,lkilrowcn@multiply.com,Female,Room 1779
457,Ossie,Clews,oclewsco@ustream.tv,Bigender,Apt 998
458,Aura,Wadesworth,awadesworthcp@blogspot.com,Female,Apt 671
459,Fonzie,Going,fgoingcq@boston.com,Male,Suite 28
460,Bell,Headech,bheadechcr@ucla.edu,Female,6th Floor
461,Chiquita,Rourke,crourkecs@bloglovin.com,Female,Apt 1880
462,Jorry,Robertazzi,jrobertazzict@economist.com,Female,Suite 33
463,Ryann,Longdon,rlongdoncu@nydailynews.com,Female,Apt 7
464,Read,Dorcey,rdorceycv@mtv.com,Male,Suite 75
465,Dore,Filippazzo,dfilippazzocw@marketwatch.com,Female,Suite 23
466,Dun,Budcock,dbudcockcx@friendfeed.com,Male,Room 695
467,Felice,Warret,fwarretcy@tinypic.com,Female,19th Floor
468,Aksel,Fletham,aflethamcz@tmall.com,Male,Apt 507
469,Blithe,Danilenko,bdanilenkod0@mail.ru,Female,3rd Floor
470,Jolene,Witchalls,jwitchallsd1@lulu.com,Female,Room 937
471,Fania,Schuster,fschusterd2@cocolog-nifty.com,Female,Suite 80
472,Glynda,Milborn,gmilbornd3@psu.edu,Female,Apt 240
473,Phyllys,Jardine,pjardined4@alexa.com,Female,PO Box 37742
474,Stesha,Beckers,sbeckersd5@netvibes.com,Female,Suite 77
475,Bertine,Antonsson,bantonssond6@cdc.gov,Genderfluid,13th Floor
476,Loraine,Labell,llabelld7@dion.ne.jp,Bigender,PO Box 85146
477,Francis,Gaunson,fgaunsond8@umn.edu,Male,Apt 793
478,Guglielmo,Sheppey,gsheppeyd9@phoca.cz,Male,Suite 41
479,Drusi,Brodeur,dbrodeurda@issuu.com,Non-binary,PO Box 63909
480,Willie,Rolin,wrolindb@examiner.com,Female,Apt 1051
481,Chrissie,Gouly,cgoulydc@umich.edu,Male,Suite 68
482,Marcelle,Schulken,mschulkendd@xing.com,Female,Apt 1647
483,Shelby,Christoffersen,schristoffersende@sun.com,Male,Apt 1016
484,Atlante,Bolzen,abolzendf@smugmug.com,Female,PO Box 20816
485,Waldon,Bullivent,wbulliventdg@census.gov,Male,PO Box 83491
486,Robert,Munns,rmunnsdh@twitter.com,Male,Room 1315
487,Cleveland,Mayoral,cmayoraldi@uol.com.br,Male,Room 1566
488,Gayleen,Geal,ggealdj@yahoo.co.jp,Female,Suite 62
489,Ki,Hundy,khundydk@epa.gov,Female,Room 1964
490,Gilles,Clucas,gclucasdl@yellowbook.com,Non-binary,Apt 1419
491,Marybelle,Leyes,mleyesdm@unblog.fr,Female,Suite 18
492,Genni,Salerg,gsalergdn@merriam-webster.com,Female,Room 1867
493,Claire,Holbie,cholbiedo@umich.edu,Female,PO Box 88573
494,Maria,Connar,mconnardp@marriott.com,Female,Room 1366
495,Tamas,Oldacres,toldacresdq@howstuffworks.com,Male,Room 1548
496,Alana,Cragg,acraggdr@ted.com,Female,10th Floor
497,Vida,Gregorowicz,vgregorowiczds@shinystat.com,Bigender,Suite 44
498,Emmott,Kippin,ekippindt@simplemachines.org,Male,Suite 16
499,Libbi,Matejka,lmatejkadu@forbes.com,Female,20th Floor
500,Wakefield,Gewer,wgewerdv@twitter.com,Male,Apt 478
501,Benoit,Holdey,bholdeydw@tumblr.com,Polygender,PO Box 76018
502,Corly,Watsham,cwatshamdx@soundcloud.com,Female,PO Box 96811
503,Koo,Ortiger,kortigerdy@networkadvertising.org,Female,Suite 33
504,Wadsworth,Freeland,wfreelanddz@odnoklassniki.ru,Male,Room 960
505,Warde,Whitesel,wwhitesele0@goo.ne.jp,Male,PO Box 79141
506,Daniele,de Wilde,ddewildee1@ebay.co.uk,Female,Apt 5
507,Chrisy,Binning,cbinninge2@cdbaby.com,Male,PO Box 93836
508,Devlen,Dullaghan,ddullaghane3@google.cn,Male,PO Box 80812
509,Erv,Torregiani,etorregianie4@webeden.co.uk,Male,Apt 1157
510,Cointon,Baccup,cbaccupe5@gmpg.org,Male,Suite 61
511,Meriel,Playfair,mplayfaire6@soundcloud.com,Female,1st Floor
512,Orren,Sprake,osprakee7@wiley.com,Male,Apt 36
513,Shermy,Tommen,stommene8@1und1.de,Male,19th Floor
514,Gal,Cartledge,gcartledgee9@networkadvertising.org,Male,PO Box 17261
515,Ilene,Booty,ibootyea@ox.ac.uk,Female,3rd Floor
516,Leisha,Everson,leversoneb@amazon.co.uk,Female,16th Floor
517,Daniela,Gore,dgoreec@jiathis.com,Non-binary,1st Floor
518,Glynis,Corday,gcordayed@geocities.com,Female,PO Box 90160
519,Nona,Deerness,ndeernessee@mashable.com,Female,Apt 1099
520,Marion,Sprosson,msprossonef@infoseek.co.jp,Genderfluid,PO Box 26375
521,Olav,Dearle-Palser,odearlepalsereg@rediff.com,Male,PO Box 22895
522,Salli,Healing,shealingeh@oakley.com,Female,Room 816
523,Walliw,Ugoni,wugoniei@arizona.edu,Female,Apt 103
524,Farrel,Tombling,ftomblingej@mashable.com,Non-binary,PO Box 56779
525,Kyla,Grigorey,kgrigoreyek@hexun.com,Female,Apt 976
526,Dunstan,Bowlesworth,dbowlesworthel@imageshack.us,Male,Room 1923
527,Berty,Duckers,bduckersem@deliciousdays.com,Male,Apt 1914
528,Jereme,Foulgham,jfoulghamen@icq.com,Male,Suite 80
529,Padget,Hattigan,phattiganeo@wikipedia.org,Genderqueer,9th Floor
530,Aurie,Gatus,agatusep@home.pl,Female,Suite 17
531,Seline,Hawick,shawickeq@yellowpages.com,Female,12th Floor
532,Judah,Hartington,jhartingtoner@ning.com,Male,Apt 910
533,Neila,Ayllett,nayllettes@patch.com,Female,PO Box 53345
534,Bancroft,MacChaell,bmacchaellet@spotify.com,Male,PO Box 53873
535,Clayton,Paolotto,cpaolottoeu@purevolume.com,Male,Room 835
536,Legra,Boakes,lboakesev@census.gov,Female,Room 1369
537,Hale,Vanyutin,hvanyutinew@hibu.com,Male,7th Floor
538,Oby,Otson,ootsonex@kickstarter.com,Male,8th Floor
539,Sergio,Jzhakov,sjzhakovey@vimeo.com,Male,2nd Floor
540,Kean,Loades,kloadesez@howstuffworks.com,Male,PO Box 91745
541,Gwendolin,Boreland,gborelandf0@vkontakte.ru,Female,Suite 45
542,Guthry,Keaveney,gkeaveneyf1@joomla.org,Male,Suite 12
543,Hurley,Fentem,hfentemf2@shinystat.com,Male,Apt 804
544,Leopold,Terese,lteresef3@cbslocal.com,Male,17th Floor
545,Nessie,Maffezzoli,nmaffezzolif4@domainmarket.com,Female,Apt 1931
546,Leonora,Dicken,ldickenf5@sbwire.com,Female,7th Floor
547,Lynsey,Loach,lloachf6@webmd.com,Female,Room 1448
548,Avril,Crother,acrotherf7@spotify.com,Female,Suite 51
549,Henrieta,Graves,hgravesf8@angelfire.com,Female,Room 1288
550,Anderson,Lerohan,alerohanf9@tamu.edu,Male,PO Box 46298
551,Annamaria,Croker,acrokerfa@taobao.com,Female,Apt 692
552,Rorie,Waskett,rwaskettfb@about.me,Female,Room 399
553,Thibaud,Ruppert,truppertfc@icio.us,Agender,10th Floor
554,Arluene,Scrine,ascrinefd@google.co.uk,Female,PO Box 21594
555,Alaric,Dugald,adugaldfe@go.com,Genderfluid,4th Floor
556,Reider,Adamou,radamouff@domainmarket.com,Male,Room 649
557,Tull,Dunthorn,tdunthornfg@china.com.cn,Male,Suite 33
558,Tibold,Matieu,tmatieufh@bloglovin.com,Male,Apt 744
559,Munmro,Islip,mislipfi@clickbank.net,Male,PO Box 4684
560,Olly,Bridgwater,obridgwaterfj@de.vu,Male,Room 352
561,Bobbette,D'Enrico,bdenricofk@umn.edu,Female,1st Floor
562,Elton,Schild,eschildfl@usa.gov,Male,Room 557
563,Bliss,Flinn,bflinnfm@google.nl,Female,Room 309
564,Jamil,Entwhistle,jentwhistlefn@prlog.org,Male,18th Floor
565,Bari,Guiver,bguiverfo@loc.gov,Female,Apt 144
566,Jodi,Sheirlaw,jsheirlawfp@google.es,Male,Room 512
567,Robyn,Chasles,rchaslesfq@printfriendly.com,Female,13th Floor
568,Griffie,Bonellie,gbonelliefr@yale.edu,Non-binary,Suite 34
569,Tedi,Aguirrezabal,taguirrezabalfs@discuz.net,Female,Suite 20
570,Liv,Moresby,lmoresbyft@elpais.com,Female,Apt 1952
571,Denny,Garnall,dgarnallfu@creativecommons.org,Male,Apt 1201
572,Brandtr,Sarfass,bsarfassfv@is.gd,Male,Suite 57
573,Evan,Szubert,eszubertfw@goo.gl,Male,Apt 1522
574,Hobie,McVicker,hmcvickerfx@tinyurl.com,Bigender,Room 939
575,Rhoda,Sunley,rsunleyfy@guardian.co.uk,Genderfluid,Suite 45
576,Nerte,Clineck,nclineckfz@eventbrite.com,Female,7th Floor
577,Bevon,Beining,bbeiningg0@netlog.com,Male,Suite 2
578,Zolly,Durkin,zdurking1@nasa.gov,Male,Room 913
579,Gabrielle,Mawditt,gmawdittg2@springer.com,Female,Room 356
580,Beauregard,Passion,bpassiong3@washington.edu,Male,Suite 2
581,Sid,Feares,sfearesg4@illinois.edu,Male,Apt 274
582,Nevile,Carnaman,ncarnamang5@furl.net,Male,Room 429
583,Jayme,Culwen,jculweng6@chicagotribune.com,Male,Suite 82
584,Darya,Carville,dcarvilleg7@xing.com,Female,PO Box 39580
585,Claudina,Cosford,ccosfordg8@paginegialle.it,Female,Room 470
586,Elbertine,Gristock,egristockg9@go.com,Female,Apt 962
587,Raleigh,Macauley,rmacauleyga@boston.com,Male,Apt 397
588,Kiah,Deboy,kdeboygb@vimeo.com,Female,Apt 94
589,Maxie,O'Drought,modroughtgc@nsw.gov.au,Female,Apt 69
590,Bengt,Grimwade,bgrimwadegd@hp.com,Genderfluid,Suite 5
591,Joli,Kerton,jkertonge@nymag.com,Female,2nd Floor
592,Wilmette,Trighton,wtrightongf@usa.gov,Female,Room 1229
593,Dwain,Michiel,dmichielgg@behance.net,Male,Room 1590
594,Chelsy,Stoyell,cstoyellgh@state.tx.us,Female,9th Floor
595,Mayer,Ludlow,mludlowgi@yahoo.com,Male,19th Floor
596,Bil,Samwayes,bsamwayesgj@chron.com,Male,Room 579
597,Zorah,Vaughton,zvaughtongk@aboutads.info,Female,Apt 575
598,Marley,Delamaine,mdelamainegl@storify.com,Female,Apt 120
599,Virginia,Helsby,vhelsbygm@netlog.com,Female,Room 1301
600,Giorgi,Mudge,gmudgegn@plala.or.jp,Male,PO Box 93927
601,Kerrin,Paike,kpaikego@nsw.gov.au,Female,Suite 83
602,Terri,Ditts,tdittsgp@soundcloud.com,Female,Room 15
603,Vachel,Hurcombe,vhurcombegq@stanford.edu,Male,Room 1475
604,Janene,Koppes,jkoppesgr@paginegialle.it,Female,Apt 1519
605,Kinny,Tyreman,ktyremangs@topsy.com,Polygender,PO Box 77998
606,Carlos,Durham,cdurhamgt@accuweather.com,Male,18th Floor
607,Shanon,Leele,sleelegu@facebook.com,Female,Room 1787
608,Camila,Rosoni,crosonigv@about.me,Agender,PO Box 96572
609,Elisha,MacDunleavy,emacdunleavygw@unesco.org,Genderqueer,Apt 902
610,Sabrina,Wallworth,swallworthgx@tinyurl.com,Female,Room 716
611,Amitie,Bolles,abollesgy@shinystat.com,Female,PO Box 15609
612,Ricard,Hillhouse,rhillhousegz@forbes.com,Male,Suite 27
613,Dannel,Duiged,dduigedh0@timesonline.co.uk,Male,Apt 820
614,Robbie,Middlemass,rmiddlemassh1@sogou.com,Male,17th Floor
615,Marlane,Wurst,mwursth2@vistaprint.com,Female,Room 1704
616,Babita,McCabe,bmccabeh3@scribd.com,Female,Room 398
617,Derrick,Moehle,dmoehleh4@cargocollective.com,Male,Suite 39
618,Maura,Josephsen,mjosephsenh5@mozilla.org,Female,Room 926
619,Kaela,Dumbreck,kdumbreckh6@google.com.au,Female,PO Box 13021
620,Aldo,Peerless,apeerlessh7@list-manage.com,Male,Apt 532
621,Bradly,Strain,bstrainh8@desdev.cn,Male,Suite 59
622,Maryl,Hewson,mhewsonh9@taobao.com,Female,PO Box 46756
623,Roseanna,Lantiff,rlantiffha@dagondesign.com,Polygender,PO Box 47355
624,Robby,Wilshin,rwilshinhb@edublogs.org,Male,Room 1955
625,Aubree,Bernardelli,abernardellihc@github.io,Female,Apt 1418
626,Annaliese,Bastistini,abastistinihd@wordpress.com,Female,2nd Floor
627,Teresa,Glaysher,tglaysherhe@foxnews.com,Female,15th Floor
628,Gauthier,Cockren,gcockrenhf@abc.net.au,Male,PO Box 87184
629,Siegfried,Cheverton,schevertonhg@taobao.com,Male,9th Floor
630,Robinette,Forty,rfortyhh@cafepress.com,Female,Room 1301
631,Paton,Warham,pwarhamhi@exblog.jp,Male,Suite 65
632,Flossie,Kerfoot,fkerfoothj@live.com,Female,Apt 1791
633,Adan,Tomasino,atomasinohk@ning.com,Male,Suite 5
634,Stan,Johnys,sjohnyshl@google.pl,Male,Suite 50
635,Remington,Ishak,rishakhm@gizmodo.com,Male,Suite 90
636,Babb,Chambers,bchambershn@google.co.jp,Female,PO Box 69968
637,Audi,Fantonetti,afantonettiho@taobao.com,Female,Apt 693
638,Ginnifer,Branca,gbrancahp@umich.edu,Female,Room 295
639,Dorey,Manach,dmanachhq@ehow.com,Male,Apt 1150
640,Elmer,Tapson,etapsonhr@cargocollective.com,Male,Apt 227
641,Jess,Abbado,jabbadohs@yahoo.co.jp,Female,Apt 680
642,Wallis,Cromly,wcromlyht@newyorker.com,Male,Room 1532
643,Madelyn,MacClenan,mmacclenanhu@howstuffworks.com,Female,6th Floor
644,Sybyl,Bigadike,sbigadikehv@intel.com,Female,PO Box 4727
645,Desmond,Tompkinson,dtompkinsonhw@simplemachines.org,Non-binary,Room 134
646,Alika,Ledgister,aledgisterhx@barnesandnoble.com,Female,Apt 1792
647,Justinian,Roskruge,jroskrugehy@deliciousdays.com,Bigender,Suite 24
648,Ronnica,Geoghegan,rgeogheganhz@latimes.com,Female,Apt 1742
649,Gearard,Brownbill,gbrownbilli0@jimdo.com,Male,Apt 521
650,Tawnya,Donkersley,tdonkersleyi1@histats.com,Female,14th Floor
651,Vincent,Dalwood,vdalwoodi2@nbcnews.com,Male,12th Floor
652,Adamo,Davidy,adavidyi3@cargocollective.com,Genderfluid,Room 1632
653,Mahala,Cocks,mcocksi4@altervista.org,Female,Room 977
654,Elias,Petrik,epetriki5@ehow.com,Male,Apt 339
655,Tatum,Dawidowitsch,tdawidowitschi6@scientificamerican.com,Female,PO Box 14427
656,Hershel,Kilian,hkiliani7@live.com,Male,Room 528
657,Damara,Aleksic,daleksici8@mayoclinic.com,Female,PO Box 65851
658,Alain,Haldane,ahaldanei9@google.ru,Non-binary,Room 87
659,Pandora,Tyzack,ptyzackia@ow.ly,Female,Apt 317
660,Jefferson,Bouskill,jbouskillib@flavors.me,Male,Suite 65
661,Hill,Hacquoil,hhacquoilic@imageshack.us,Male,Room 1378
662,Leandra,Skottle,lskottleid@posterous.com,Female,PO Box 83393
663,Ellyn,Dunne,edunneie@topsy.com,Female,Apt 711
664,Fidelio,Van Leeuwen,fvanleeuwenif@newyorker.com,Male,Room 975
665,Lonee,Antram,lantramig@va.gov,Female,Room 996
666,Denys,Meaden,dmeadenih@ted.com,Male,14th Floor
667,Hedy,Swindells,hswindellsii@latimes.com,Female,12th Floor
668,Ertha,Mattson,emattsonij@google.ca,Female,PO Box 30659
669,Tabbi,Micklewright,tmicklewrightik@house.gov,Female,Apt 1857
670,Lonny,Golthorpp,lgolthorppil@discovery.com,Male,Apt 107
671,Mame,Upward,mupwardim@prweb.com,Female,Apt 671
672,Rochester,Padrick,rpadrickin@kickstarter.com,Male,Room 1238
673,Electra,Nisot,enisotio@virginia.edu,Female,PO Box 76235
674,Elsy,Bartolomeu,ebartolomeuip@google.pl,Polygender,PO Box 38054
675,Tadeas,Kirkbright,tkirkbrightiq@imgur.com,Male,PO Box 79016
676,Ginger,Dennington,gdenningtonir@mayoclinic.com,Female,Room 1099
677,Prisca,Fitzsymonds,pfitzsymondsis@livejournal.com,Polygender,Suite 41
678,Stella,Moncrefe,smoncrefeit@mozilla.com,Female,Room 1134
679,Cammy,Leadbeatter,cleadbeatteriu@dmoz.org,Female,Room 1007
680,Miran,Pull,mpulliv@ftc.gov,Female,PO Box 82786
681,Durand,Torri,dtorriiw@quantcast.com,Male,PO Box 71851
682,Clo,Brame,cbrameix@yale.edu,Female,Apt 631
683,Lorena,Risebarer,lrisebareriy@altervista.org,Female,Apt 780
684,Kellsie,Schust,kschustiz@ask.com,Female,Apt 635
685,Clara,Schoular,cschoularj0@omniture.com,Genderfluid,Apt 1481
686,Lucy,Outlaw,loutlawj1@drupal.org,Female,PO Box 65832
687,Annalise,Capponer,acapponerj2@1688.com,Female,4th Floor
688,Indira,Berthod,iberthodj3@wikia.com,Female,Room 104
689,Lucinda,Kezourec,lkezourecj4@telegraph.co.uk,Female,Apt 1754
690,Doralin,Tolomelli,dtolomellij5@cafepress.com,Female,Room 263
691,Moina,Paragreen,mparagreenj6@businessweek.com,Female,Apt 250
692,Chadd,Corinton,ccorintonj7@constantcontact.com,Male,8th Floor
693,Patrice,Bayless,pbaylessj8@netvibes.com,Male,PO Box 63983
694,Stacy,Cornish,scornishj9@surveymonkey.com,Female,PO Box 29397
695,Courtney,Montez,cmontezja@cornell.edu,Male,Apt 742
696,Titos,Gouge,tgougejb@noaa.gov,Male,Suite 72
697,Forest,Balwin,fbalwinjc@twitpic.com,Male,PO Box 77894
698,Lezley,Ravenscraft,lravenscraftjd@printfriendly.com,Male,Suite 34
699,Danya,Helleckas,dhelleckasje@sourceforge.net,Male,2nd Floor
700,Mickie,Barde,mbardejf@ftc.gov,Male,14th Floor
701,Marchelle,Longthorne,mlongthornejg@paginegialle.it,Agender,Suite 49
702,Gino,Jerzak,gjerzakjh@mediafire.com,Male,PO Box 19317
703,Gabbie,Iorizzo,giorizzoji@gizmodo.com,Female,Apt 1316
704,Ermin,Touzey,etouzeyjj@amazon.co.uk,Male,5th Floor
705,Tiphani,Aird,tairdjk@blog.com,Female,Apt 134
706,Brennen,Persence,bpersencejl@tmall.com,Male,1st Floor
707,Barnie,Boddam,bboddamjm@photobucket.com,Male,Room 12
708,Ladonna,Fould,lfouldjn@over-blog.com,Female,19th Floor
709,Dionysus,Giuron,dgiuronjo@gnu.org,Male,PO Box 27978
710,Priscilla,Poppy,ppoppyjp@slashdot.org,Female,Room 1637
711,Irina,Mawman,imawmanjq@gnu.org,Female,Apt 1598
712,Shara,Gierardi,sgierardijr@odnoklassniki.ru,Agender,PO Box 72054
713,Meghann,Geater,mgeaterjs@wunderground.com,Female,Room 333
714,Berne,Hanway,bhanwayjt@toplist.cz,Male,Apt 1980
715,Phineas,Gerold,pgeroldju@biblegateway.com,Male,Apt 1258
716,Sonnnie,Cassar,scassarjv@ca.gov,Genderqueer,Room 887
717,Jocelyn,Lockier,jlockierjw@army.mil,Female,Apt 1120
718,Rosie,Dubery,rduberyjx@liveinternet.ru,Female,20th Floor
719,Delinda,Vasyunkin,dvasyunkinjy@yellowbook.com,Female,15th Floor
720,Tyrus,Thwaite,tthwaitejz@hexun.com,Male,17th Floor
721,Mord,Pietruschka,mpietruschkak0@deviantart.com,Male,PO Box 52577
722,Harriott,Klulicek,hklulicekk1@sina.com.cn,Female,Suite 80
723,Mariellen,Littledyke,mlittledykek2@moonfruit.com,Female,Room 486
724,Ollie,Pavinese,opavinesek3@forbes.com,Male,19th Floor
725,Klaus,Nutkin,knutkink4@goo.gl,Male,PO Box 13916
726,Kennett,Hughes,khughesk5@last.fm,Male,Suite 30
727,Maitilde,MacColm,mmaccolmk6@globo.com,Female,Suite 14
728,Christian,Colbron,ccolbronk7@disqus.com,Female,8th Floor
729,Willey,Verbeek,wverbeekk8@reverbnation.com,Male,7th Floor
730,Ali,Koenraad,akoenraadk9@webmd.com,Polygender,15th Floor
731,Michelle,Amort,mamortka@columbia.edu,Female,7th Floor
732,Leopold,Slorach,lslorachkb@webs.com,Male,15th Floor
733,Carine,Barca,cbarcakc@irs.gov,Female,2nd Floor
734,Raimund,Josskowitz,rjosskowitzkd@nature.com,Male,Apt 827
735,Ezmeralda,Anmore,eanmoreke@marketwatch.com,Bigender,15th Floor
736,Leshia,Pope,lpopekf@umich.edu,Female,Suite 85
737,Val,Rutherfoord,vrutherfoordkg@bigcartel.com,Male,Apt 1691
738,Leland,Barwick,lbarwickkh@ustream.tv,Male,Apt 181
739,Antin,Toffolini,atoffoliniki@boston.com,Male,Room 235
740,Maximilien,Burgot,mburgotkj@ebay.co.uk,Male,Apt 1834
741,Cleveland,Draaisma,cdraaismakk@geocities.jp,Male,Suite 90
742,Thorny,Dumbell,tdumbellkl@studiopress.com,Male,Room 770
743,Fremont,Clampe,fclampekm@purevolume.com,Male,Apt 1219
744,Ella,Tongs,etongskn@yolasite.com,Female,PO Box 7780
745,Ilaire,Caroli,icaroliko@go.com,Male,Room 23
746,Atalanta,Cuckson,acucksonkp@google.it,Female,Room 1069
747,Irina,Childe,ichildekq@acquirethisname.com,Polygender,13th Floor
748,Herman,Lang,hlangkr@goodreads.com,Male,Apt 1039
749,Bordie,Ochiltree,bochiltreeks@rambler.ru,Male,Room 1337
750,Ulla,Guilliatt,uguilliattkt@adobe.com,Female,Apt 1778
751,Milli,Folbig,mfolbigku@ed.gov,Female,7th Floor
752,Harley,Rijkeseis,hrijkeseiskv@about.me,Male,Room 586
753,Hyacinth,Orrey,horreykw@sogou.com,Female,Room 1207
754,Nichole,Wessing,nwessingkx@oaic.gov.au,Female,Apt 119
755,Avrom,Cayley,acayleyky@cyberchimps.com,Male,8th Floor
756,Abelard,Ducastel,aducastelkz@ovh.net,Male,PO Box 10858
757,Ofelia,Sadry,osadryl0@senate.gov,Female,Apt 1610
758,Oralia,Clews,oclewsl1@vimeo.com,Genderqueer,Suite 59
759,Vernen,Farey,vfareyl2@sakura.ne.jp,Male,Suite 69
760,Lara,Gummery,lgummeryl3@tiny.cc,Female,Room 21
761,Dorthy,Routham,drouthaml4@sohu.com,Female,19th Floor
762,Kristoffer,Haylor,khaylorl5@godaddy.com,Male,15th Floor
763,Hodge,Baldetti,hbaldettil6@gnu.org,Male,3rd Floor
764,Barny,Coster,bcosterl7@bluehost.com,Male,Room 18
765,Bear,Stoppe,bstoppel8@boston.com,Polygender,Room 1963
766,Rubi,Ringe,rringel9@de.vu,Female,12th Floor
767,Selle,Hakonsen,shakonsenla@canalblog.com,Female,11th Floor
768,Shel,Dominicacci,sdominicaccilb@meetup.com,Female,4th Floor
769,Jarvis,Rozsa,jrozsalc@so-net.ne.jp,Male,Apt 1638
770,Marika,Speenden,mspeendenld@yellowpages.com,Female,PO Box 96429
771,Latia,Piner,lpinerle@unc.edu,Female,Room 738
772,Ellen,Snoding,esnodinglf@epa.gov,Female,8th Floor
773,Ogdon,Arguile,oarguilelg@miibeian.gov.cn,Male,12th Floor
774,Carlin,Ortler,cortlerlh@sfgate.com,Female,Room 1607
775,Austina,Theis,atheisli@discovery.com,Bigender,Room 1784
776,Karla,Enterlein,kenterleinlj@mit.edu,Female,PO Box 57684
777,Elfrida,Fattorini,efattorinilk@nifty.com,Female,Room 156
778,Jeremiah,Christin,jchristinll@wp.com,Male,Room 1390
779,Carie,Best,cbestlm@psu.edu,Genderqueer,Suite 62
780,Alasdair,Chappel,achappelln@archive.org,Male,8th Floor
781,Lorrie,Silversmidt,lsilversmidtlo@cloudflare.com,Female,15th Floor
782,Nanny,Ashburne,nashburnelp@alibaba.com,Female,Apt 953
783,Courtenay,Crombleholme,ccrombleholmelq@seattletimes.com,Female,PO Box 2278
784,Arlee,Eayres,aeayreslr@epa.gov,Female,1st Floor
785,Stavros,Clemerson,sclemersonls@ask.com,Male,Apt 1556
786,Sephira,Haggus,shagguslt@tinypic.com,Female,Suite 57
787,Kaye,Hensmans,khensmanslu@yellowbook.com,Female,Apt 1089
788,Geri,Losemann,glosemannlv@unc.edu,Male,Apt 588
789,Rudy,Gullivent,rgulliventlw@ehow.com,Bigender,Apt 1781
790,Lennie,Donnan,ldonnanlx@sogou.com,Male,14th Floor
791,Henryetta,Fuggles,hfugglesly@wordpress.org,Female,5th Floor
792,Sidoney,Fownes,sfowneslz@hugedomains.com,Female,PO Box 20565
793,Ardath,Gorrick,agorrickm0@ed.gov,Female,Room 1160
794,Prinz,Repp,preppm1@go.com,Male,10th Floor
795,Nealson,Paulus,npaulusm2@mashable.com,Male,Room 1407
796,Pammi,Clarke,pclarkem3@bandcamp.com,Female,Apt 17
797,Theo,Vasyushkhin,tvasyushkhinm4@telegraph.co.uk,Female,15th Floor
798,Miltie,Rugiero,mrugierom5@loc.gov,Male,PO Box 55506
799,Jareb,Vowden,jvowdenm6@tinypic.com,Male,Suite 68
800,Deidre,Hyams,dhyamsm7@slideshare.net,Genderfluid,PO Box 80827
801,Dayle,Dwelley,ddwelleym8@sciencedirect.com,Female,10th Floor
802,Rossy,Kaasmann,rkaasmannm9@army.mil,Male,Room 1618
803,Jodi,Coupland,jcouplandma@wikispaces.com,Male,Room 1754
804,Ginni,Carreck,gcarreckmb@cnbc.com,Female,PO Box 50413
805,Emile,Olliver,eollivermc@stumbleupon.com,Male,PO Box 28095
806,Betty,Moriarty,bmoriartymd@quantcast.com,Female,Room 495
807,Clarinda,Schinetti,cschinettime@weebly.com,Female,2nd Floor
808,Amalita,Klaaasen,aklaaasenmf@spiegel.de,Female,Room 263
809,Arley,Riolfi,ariolfimg@google.nl,Male,Room 1700
810,Warner,Float,wfloatmh@csmonitor.com,Male,Apt 1567
811,Erich,Clementson,eclementsonmi@webmd.com,Male,PO Box 63684
812,Beau,Patrono,bpatronomj@g.co,Male,Room 255
813,Witty,Hanney,whanneymk@huffingtonpost.com,Male,Suite 54
814,Davidson,Usborn,dusbornml@joomla.org,Male,Room 1870
815,Cloe,O'Cannavan,cocannavanmm@360.cn,Female,10th Floor
816,Andie,Inkle,ainklemn@wikimedia.org,Male,2nd Floor
817,Sheff,Shefton,ssheftonmo@newsvine.com,Male,Room 1581
818,Mendy,Jordi,mjordimp@sbwire.com,Male,Suite 97
819,Arni,Braddon,abraddonmq@springer.com,Male,PO Box 75093
820,Patrizius,Bremen,pbremenmr@theguardian.com,Male,Apt 924
821,Roddy,Winsom,rwinsomms@mozilla.com,Male,2nd Floor
822,Cirillo,Daniele,cdanielemt@cnn.com,Bigender,PO Box 63609
823,Drusi,Gamlyn,dgamlynmu@ocn.ne.jp,Female,PO Box 93062
824,Aguste,Samwayes,asamwayesmv@issuu.com,Male,Apt 834
825,Wanda,Torpie,wtorpiemw@nyu.edu,Bigender,Suite 14
826,Giraud,Witcherley,gwitcherleymx@virginia.edu,Male,Suite 4
827,Milka,Lardeur,mlardeurmy@constantcontact.com,Female,Apt 100
828,Joyous,de Banke,jdebankemz@cafepress.com,Female,Room 231
829,Merissa,Gemeau,mgemeaun0@lulu.com,Female,7th Floor
830,Marlowe,Batchelder,mbatcheldern1@epa.gov,Male,Suite 34
831,Alberik,Squibbs,asquibbsn2@people.com.cn,Genderqueer,Suite 18
832,Augy,Collacombe,acollacomben3@ezinearticles.com,Male,Room 1868
833,Sarita,Yandle,syandlen4@twitpic.com,Female,Apt 439
834,Biron,Fincken,bfinckenn5@oracle.com,Male,3rd Floor
835,Trever,McNess,tmcnessn6@ft.com,Male,Room 580
836,Ernesto,Jenman,ejenmann7@hugedomains.com,Male,Suite 89
837,Horacio,Thickett,hthickettn8@hugedomains.com,Male,Apt 1988
838,Candie,Morland,cmorlandn9@gmpg.org,Female,Apt 1253
839,Clay,Runcie,crunciena@ovh.net,Male,Room 1370
840,Datha,Kiggel,dkiggelnb@google.cn,Female,Room 1261
841,Roddy,Bertelet,rberteletnc@washingtonpost.com,Male,PO Box 14707
842,Francyne,Gerrad,fgerradnd@disqus.com,Non-binary,16th Floor
843,Stephen,Moraleda,smoraledane@geocities.com,Male,Suite 29
844,Malchy,MacRorie,mmacrorienf@google.com.au,Male,4th Floor
845,Beauregard,McBeith,bmcbeithng@wisc.edu,Agender,Room 1084
846,Jaymee,Godmer,jgodmernh@redcross.org,Female,Apt 271
847,Shermie,Rex,srexni@addthis.com,Male,Suite 98
848,Mathe,Clewes,mclewesnj@sphinn.com,Male,Room 754
849,Francine,Copley,fcopleynk@amazon.de,Female,Suite 53
850,Merwyn,MacTerlagh,mmacterlaghnl@hud.gov,Male,PO Box 85887
851,Rowland,Ligoe,rligoenm@oracle.com,Male,Suite 80
852,Trixy,Fraschetti,tfraschettinn@github.io,Female,PO Box 82560
853,Jarred,McGaw,jmcgawno@opensource.org,Male,Suite 84
854,Kat,Fellgett,kfellgettnp@virginia.edu,Female,Apt 1105
855,Artair,Hawson,ahawsonnq@digg.com,Male,Suite 44
856,Martie,Camamile,mcamamilenr@indiegogo.com,Female,Suite 85
857,Parry,Feldmus,pfeldmusns@netscape.com,Male,PO Box 22020
858,Jarrett,Hubbold,jhubboldnt@sciencedaily.com,Male,Apt 597
859,Gaspard,Fuidge,gfuidgenu@live.com,Male,2nd Floor
860,Hilliary,Alesi,halesinv@tamu.edu,Female,Room 1992
861,Hansiain,Benmore,hbenmorenw@spiegel.de,Male,PO Box 61657
862,Lynsey,Linnard,llinnardnx@gravatar.com,Genderqueer,PO Box 66787
863,Rhody,Etuck,retuckny@adobe.com,Female,11th Floor
864,Marietta,Rosa,mrosanz@angelfire.com,Male,19th Floor
865,Selina,Merrisson,smerrissono0@adobe.com,Female,Suite 38
866,Aggy,Thurlow,athurlowo1@flavors.me,Female,Suite 98
867,Dasha,Chazette,dchazetteo2@chicagotribune.com,Female,Room 112
868,Valaria,Caplis,vcapliso3@github.com,Female,12th Floor
869,Pip,Dimbylow,pdimbylowo4@wisc.edu,Male,Room 441
870,Finley,Kinningley,fkinningleyo5@surveymonkey.com,Bigender,Room 884
871,Susann,Attkins,sattkinso6@hostgator.com,Female,Suite 16
872,Maryellen,McLanachan,mmclanachano7@oakley.com,Female,PO Box 24595
873,Ali,Volk,avolko8@ovh.net,Male,15th Floor
874,Cindi,Padell,cpadello9@github.io,Female,PO Box 86018
875,Georgena,Weeden,gweedenoa@engadget.com,Female,Room 1912
876,Waneta,Goligly,wgoliglyob@ow.ly,Bigender,PO Box 92414
877,Sutherland,Iffland,sifflandoc@parallels.com,Bigender,PO Box 48504
878,Johnna,Fonquernie,jfonquernieod@multiply.com,Female,PO Box 28048
879,Gwenette,Cuerdale,gcuerdaleoe@nationalgeographic.com,Female,Apt 1581
880,Coretta,Freyn,cfreynof@about.com,Female,Room 67
881,Beverlee,Grundwater,bgrundwaterog@rambler.ru,Female,15th Floor
882,Earlie,Nowell,enowelloh@hubpages.com,Male,5th Floor
883,Arnie,Delagnes,adelagnesoi@google.nl,Male,Suite 78
884,Sarette,Folca,sfolcaoj@gov.uk,Genderqueer,Apt 574
885,Othelia,Cropper,ocropperok@princeton.edu,Female,Room 1012
886,Anni,Sawkins,asawkinsol@nifty.com,Female,PO Box 95727
887,Brander,Serjeantson,bserjeantsonom@nih.gov,Male,Room 435
888,Richart,Baldocci,rbaldoccion@vkontakte.ru,Male,16th Floor
889,Marleah,Baulk,mbaulkoo@moonfruit.com,Female,PO Box 17707
890,Rowland,Meriott,rmeriottop@mozilla.org,Male,1st Floor
891,Nobie,Mardoll,nmardolloq@bravesites.com,Male,Suite 18
892,Lanita,Satch,lsatchor@howstuffworks.com,Female,Apt 1138
893,Paulina,Joslin,pjoslinos@a8.net,Female,PO Box 25266
894,Roley,Cashell,rcashellot@oracle.com,Male,Room 598
895,Merralee,Purdon,mpurdonou@hatena.ne.jp,Polygender,PO Box 41799
896,Kara-lynn,Blaxton,kblaxtonov@amazon.co.jp,Female,4th Floor
897,Kelli,Eicke,keickeow@mozilla.org,Female,Apt 974
898,Ambrosi,Eger,aegerox@answers.com,Male,Apt 1526
899,Clo,Fullegar,cfullegaroy@vistaprint.com,Female,Suite 4
900,Dynah,Busher,dbusheroz@mapy.cz,Female,PO Box 64101
901,Layney,Bogace,lbogacep0@cnn.com,Female,PO Box 93714
902,Barbara-anne,Curtin,bcurtinp1@abc.net.au,Female,Apt 1374
903,Terrie,Ibotson,tibotsonp2@purevolume.com,Female,Room 59
904,Pammie,Hegges,pheggesp3@addtoany.com,Female,Suite 81
905,Lucais,Jertz,ljertzp4@joomla.org,Male,Apt 794
906,Leo,Claige,lclaigep5@oaic.gov.au,Male,Suite 77
907,Armin,Caine,acainep6@gizmodo.com,Male,Apt 1741
908,Marcos,Kimberly,mkimberlyp7@shinystat.com,Male,Room 1888
909,Kenny,Sambells,ksambellsp8@cornell.edu,Male,Apt 47
910,Ludovika,McCreath,lmccreathp9@biblegateway.com,Female,Room 698
911,Gwenore,Ridsdale,gridsdalepa@squarespace.com,Female,Room 849
912,Thom,Richards,trichardspb@1und1.de,Male,Room 514
913,Elisabetta,Vasiliu,evasiliupc@ted.com,Female,Suite 10
914,Bradford,Stitt,bstittpd@google.nl,Male,11th Floor
915,Enrika,Mixon,emixonpe@miitbeian.gov.cn,Female,Suite 22
916,Berthe,Cobon,bcobonpf@squidoo.com,Female,Suite 62
917,Kayley,Blagburn,kblagburnpg@scientificamerican.com,Female,PO Box 14814
918,Jeniffer,Spellar,jspellarph@dmoz.org,Female,PO Box 99769
919,Antony,Diess,adiesspi@prweb.com,Male,PO Box 59677
920,Krista,Toyer,ktoyerpj@histats.com,Female,PO Box 55822
921,Philis,O'Duilleain,poduilleainpk@engadget.com,Female,PO Box 95729
922,Arielle,Willeson,awillesonpl@constantcontact.com,Female,PO Box 33567
923,Orly,Elt,oeltpm@eepurl.com,Female,Apt 128
924,Concordia,Vettore,cvettorepn@gov.uk,Female,PO Box 54827
925,Reg,Quinnette,rquinnettepo@fema.gov,Male,Suite 29
926,Thacher,Deeman,tdeemanpp@bandcamp.com,Male,Apt 1320
927,Zak,Lebbon,zlebbonpq@statcounter.com,Male,Room 461
928,Ario,Chalker,achalkerpr@myspace.com,Male,Room 102
929,Cassie,Leydon,cleydonps@angelfire.com,Female,Apt 449
930,Gianni,Bangle,gbanglept@trellian.com,Male,7th Floor
931,Clarence,Beldan,cbeldanpu@cpanel.net,Male,Suite 26
932,Harmony,Sands,hsandspv@opera.com,Female,Room 318
933,Roman,McKane,rmckanepw@blogspot.com,Male,Suite 83
934,Amara,Gillanders,agillanderspx@va.gov,Female,7th Floor
935,Hakim,Stichall,hstichallpy@wiley.com,Male,Room 739
936,Charline,Betterton,cbettertonpz@dion.ne.jp,Female,PO Box 54276
937,Vere,Strang,vstrangq0@thetimes.co.uk,Female,Apt 202
938,August,Giacomozzo,agiacomozzoq1@cbsnews.com,Male,Suite 93
939,Benson,Graundisson,bgraundissonq2@cloudflare.com,Male,Suite 25
940,Jazmin,Hixley,jhixleyq3@imdb.com,Female,Room 64
941,Colleen,Philipeaux,cphilipeauxq4@eventbrite.com,Female,Apt 293
942,Dorree,Goodspeed,dgoodspeedq5@cnet.com,Genderqueer,PO Box 75325
943,Stacey,Dyson,sdysonq6@wired.com,Female,Apt 1903
944,Suki,Fibbit,sfibbitq7@domainmarket.com,Female,Suite 10
945,Rosco,Lile,rlileq8@pcworld.com,Male,Apt 1995
946,Ilise,Jakov,ijakovq9@last.fm,Female,Suite 16
947,Shepherd,Demann,sdemannqa@freewebs.com,Male,8th Floor
948,Riannon,Cluckie,rcluckieqb@shinystat.com,Female,Apt 1077
949,Micah,Yeomans,myeomansqc@oracle.com,Male,Room 665
950,Thomasina,Speke,tspekeqd@slate.com,Female,PO Box 37552
951,Worthy,Semonin,wsemoninqe@spotify.com,Male,PO Box 93714
952,Lianna,Lovewell,llovewellqf@e-recht24.de,Female,16th Floor
953,Madelin,Grummitt,mgrummittqg@vk.com,Agender,Apt 366
954,Cory,Filipowicz,cfilipowiczqh@squarespace.com,Female,Suite 44
955,Alexine,Trotton,atrottonqi@house.gov,Female,PO Box 36195
956,Dahlia,Loy,dloyqj@ameblo.jp,Female,PO Box 94550
957,Cammi,Pavia,cpaviaqk@mtv.com,Female,Apt 1514
958,Sam,McTeggart,smcteggartql@microsoft.com,Female,Suite 12
959,Marita,O'Lagene,molageneqm@networksolutions.com,Female,Room 560
960,Dela,Stoacley,dstoacleyqn@skype.com,Female,13th Floor
961,Chip,Hackin,chackinqo@aboutads.info,Male,PO Box 13246
962,Lawton,Kippin,lkippinqp@geocities.com,Male,18th Floor
963,Javier,Keattch,jkeattchqq@jiathis.com,Male,PO Box 35429
964,Shara,Karolovsky,skarolovskyqr@example.com,Female,Suite 59
965,Mindy,Ollett,mollettqs@indiatimes.com,Polygender,PO Box 89560
966,Adelice,Penlington,apenlingtonqt@hc360.com,Female,Suite 26
967,Grannie,Ormonde,gormondequ@joomla.org,Male,Apt 757
968,Virgil,Daglish,vdaglishqv@furl.net,Male,Room 503
969,Thedric,Cherm,tchermqw@time.com,Agender,PO Box 50502
970,Hort,Bodd,hboddqx@uiuc.edu,Male,Room 689
971,Alecia,Meldon,ameldonqy@noaa.gov,Female,PO Box 17585
972,Horacio,Wollen,hwollenqz@usatoday.com,Male,15th Floor
973,Adrienne,Guilloud,aguilloudr0@hubpages.com,Genderfluid,Room 924
974,Broddie,Kharchinski,bkharchinskir1@ucoz.ru,Male,Room 1910
975,Billy,Worsfold,bworsfoldr2@youtube.com,Polygender,Apt 174
976,Othelia,Bloys,obloysr3@gizmodo.com,Female,18th Floor
977,Isidor,Peron,iperonr4@fda.gov,Male,Room 1769
978,Francene,Loft,floftr5@usgs.gov,Female,Apt 1052
979,Alisa,Tweedell,atweedellr6@miibeian.gov.cn,Polygender,Apt 1418
980,Sigismondo,Sego,ssegor7@sciencedaily.com,Male,Room 1287
981,Briggs,Tutchener,btutchenerr8@parallels.com,Male,Room 368
982,Rowe,Burdell,rburdellr9@mit.edu,Female,PO Box 70775
983,Jandy,Couve,jcouvera@freewebs.com,Female,Apt 982
984,Bordy,Britner,bbritnerrb@edublogs.org,Male,Room 1224
985,Faustina,Jaquemar,fjaquemarrc@pagesperso-orange.fr,Female,4th Floor
986,Sheffield,Shimon,sshimonrd@wikispaces.com,Male,Apt 211
987,Cello,Groucutt,cgroucuttre@taobao.com,Male,Room 271
988,Ignatius,Jossum,ijossumrf@seesaa.net,Male,Suite 72
989,Lucilia,Alelsandrowicz,lalelsandrowiczrg@fda.gov,Female,Suite 17
990,Abner,Rabidge,arabidgerh@chron.com,Male,10th Floor
991,Nariko,McNirlin,nmcnirlinri@geocities.jp,Female,19th Floor
992,Danni,Ioselev,dioselevrj@irs.gov,Female,Suite 60
993,Gothart,Feather,gfeatherrk@qq.com,Male,16th Floor
994,Darren,Beels,dbeelsrl@yelp.com,Male,Suite 6
995,Malia,Iacoboni,miacobonirm@noaa.gov,Female,Room 1282
996,Alexis,Trappe,atrappern@deliciousdays.com,Male,Room 1323
997,Bernadina,Dearle-Palser,bdearlepalserro@java.com,Female,Suite 56
998,Guglielmo,Woolford,gwoolfordrp@wix.com,Male,PO Box 6726
999,Nicol,Cheal,nchealrq@timesonline.co.uk,Female,Apt 1384
1000,Augusta,Lynett,alynettrr@bbc.co.uk,Female,PO Box 90663
